A00060	07-02-01 07-02-03 07-02-04 07-02-06 07-02-07 07-02-08 07-02-09 07-03-01 07-03-02 07-03-03 07-04-01 07-04-02 07-04-03 07-04-04 07-05-01 07-05-02 07-05-03 07-05-04 07-05-05 07-05-06 07-05-07 07-07-01 07-07-02 07-07-03 07-07-04 07-07-05 07-07-06 07-07-07 07-08-01 07-08-02 07-08-03 07-08-04 07-09-01 07-09-02 07-09-03 07-11-05 07-11-06 07-13-02 07-13-03 07-13-04 07-13-05 07-13-06 07-13-08 07-13-09 07-13-10 07-13-12 07-13-13 07-A6-01 07-A6-02 07-A6-03 07-A11-05
A00061	07-01-01 07-01-02 07-01-03 07-01-04 07-01-05 07-01-06 07-01-09 07-02-01 07-02-03 07-02-04 07-02-05 07-02-06 07-02-07 07-02-08 07-02-09 07-03-01 07-03-02 07-03-03 07-04-01 07-04-02 07-04-03 07-04-04 07-05-01 07-05-02 07-05-03 07-05-04 07-05-05 07-05-06 07-05-07 07-07-01 07-07-02 07-07-03 07-07-04 07-07-05 07-07-06 07-07-07 07-08-01 07-08-02 07-08-03 07-08-04 07-09-01 07-09-02 07-09-03 07-11-04 07-11-05 07-11-06 07-A1-04 07-A1-05 07-A2-02 07-A6-01 07-A6-02 07-A6-03 07-A6-04 07-A11-01 07-A11-02 07-A11-03 07-A11-04 07-A11-05 07-A11-06 07-A11-07 07-A11-08 07-A11-09 07-A11-10
A00062	07-01-06
A00063	07-01-06
A00064	07-A1-04 07-A6-01 07-A6-03
A00065	07-A1-04 07-A6-01 07-A6-03
A00066	07-A1-05 07-A6-02
A00067	07-A1-05 07-A6-02
A00068	07-01-09
A00069	07-01-09
A00070	07-05-01 07-05-02 07-05-03 07-05-04 07-05-05 07-05-06 07-05-07
A00082	07-07-01 07-07-02 07-07-03 07-07-05 07-07-06 07-07-07 07-13-10 07-13-12 07-13-13 07-A11-01 07-A11-02 07-A11-03 07-A11-04
A00083	07-07-01 07-07-04 07-07-07 07-13-10 07-13-12 07-13-13 07-A11-01 07-A11-02 07-A11-03 07-A11-04
A00084	07-08-01 07-08-02 07-08-03 07-08-04
A00085	07-09-01
A00086	07-A12-01
A00087	07-14-01
A00088	07-14-02
A00089	07-15-01 07-A15-01
A00090	07-15-15
A00091	07-16-01
A00092	07-16-01
A00093	07-16-01
A00094	07-16-01
A00095	07-19-02
A00096	07-25-01
A00097	07-25-01
A00098	07-26-01
A00099	07-27-01
A00247	07-13-11
A00251	07-11-06
A00252	07-A12-02
A00253	07-A12-03
A00268	07-12-04
A00368	07-16-01
